Artist,Image URL
Coldplay,https://i.scdn.co/image/ab6761610000e5eb1ba8fc5f5c73e7e9313cc6eb
The Walters,https://i.scdn.co/image/ab6761610000e5ebb22c5d2082459db182c28d10
Calvin Harris,https://i.scdn.co/image/ab6761610000e5eb1e4bcd2bef1896648762dd6b
TV Girl,https://i.scdn.co/image/ab6761610000e5ebd80695211689a9c8c3fee3b0
One Direction,https://i.scdn.co/image/5bb443424a1ad71603c43d67f5af1a04da6bb3c8
J. Cole,https://i.scdn.co/image/ab6761610000e5eb4b053c29fd4b317ff825f0dc
Justin Bieber,https://i.scdn.co/image/ab6761610000e5eb86e362deb9f22566331fbdeb
Avicii,https://i.scdn.co/image/ab6761610000e5ebae07171f989fb39736674113
Pitbull,https://i.scdn.co/image/ab6761610000e5eb4051627b19277613e0e62a34
MAGIC!,https://i.scdn.co/image/ab6761610000e5eb8b68d29a8713b8260aa18e19
Maroon 5,https://i.scdn.co/image/ab6761610000e5ebf8349dfb619a7f842242de77
WALK THE MOON,https://i.scdn.co/image/ab6761610000e5ebab9610e36fae856c0fd9b46b
Vance Joy,https://i.scdn.co/image/ab6761610000e5eb8f074ec8c25406680bf26422
Ariana Grande,https://i.scdn.co/image/ab6761610000e5eb6725802588d7dc1aba076ca5
Hozier,https://i.scdn.co/image/ab6761610000e5ebad85a585103dfc2f3439119a
Sam Smith,https://i.scdn.co/image/ab6761610000e5ebd6b2f9db8528fc0cec4cd6c7
Lana Del Rey,https://i.scdn.co/image/ab6761610000e5ebb99cacf8acd5378206767261
Taylor Swift,https://i.scdn.co/image/ab6761610000e5ebe672b5f553298dcdccb0e676
Ed Sheeran,https://i.scdn.co/image/ab6761610000e5eb784daff754ecfe0464ddbeb9
Mr. Probz,https://i.scdn.co/image/ab6761610000e5eb4665e17c6cad3616d170dfeb
Pharrell Williams,https://i.scdn.co/image/ab6761610000e5ebf0789cd783c20985ec3deb4e
George Ezra,https://i.scdn.co/image/ab6761610000e5ebbe936a26ceb9cbbdec7df15b
Sia,https://i.scdn.co/image/ab6761610000e5eb64db06dfda27bb045bc1c2f5
Nico & Vinz,https://i.scdn.co/image/ab6761610000e5eb606d0660ba65b91a1d891154
Ty Dolla $ign,https://i.scdn.co/image/ab6761610000e5ebdeccf223fe80d308aba91b64
Route 94,https://i.scdn.co/image/ab6761610000e5eb33f4f47b1ac051a5461dc40e
Clean Bandit,https://i.scdn.co/image/ab6761610000e5eb70d80b8ab8e193aef64223ec
Lilly Wood and The Prick,https://i.scdn.co/image/ab6761610000e5eb76a8e34c1a5af31964a4bbf7
Henrique & Juliano,https://i.scdn.co/image/ab6761610000e5eb30f0dc81183daaee971c2601
Badoxa,https://i.scdn.co/image/ab6761610000e5ebeeeb2f3391fee4a32fb1742b
Anselmo Ralph,https://i.scdn.co/image/ab6761610000e5eb4ed2f091be3101be0bb64fce
Djodje,https://i.scdn.co/image/ab6761610000e5eb5e3fb71d4358290eda3a43f9
B4,https://i.scdn.co/image/ab67616d0000b2737df692781c9e7e58af61fe15
Enrique Iglesias,https://i.scdn.co/image/ab6761610000e5eb4fa1405802a42c665b0f2dd1
Tiago Bettencourt,https://i.scdn.co/image/ab6761610000e5ebe7cc4b0d97db6e9f67919405
Dillaz,https://i.scdn.co/image/ab6761610000e5ebc442f834a46d7fa862958710
Lord Huron,https://i.scdn.co/image/ab6761610000e5eb1d4e4e7e3c5d8fa494fc5f10
Tame Impala,https://i.scdn.co/image/ab6761610000e5ebe412a782245eb20d9626c601
The Weeknd,https://i.scdn.co/image/ab6761610000e5eb9e528993a2820267b97f6aae
Mark Ronson,https://i.scdn.co/image/ab6761610000e5eb105cc9628c315b29d299fbb4
Twenty One Pilots,https://i.scdn.co/image/ab6761610000e5eb61a7ea26d33ded218cd1e59d
Chase Atlantic,https://i.scdn.co/image/ab6761610000e5eb5d10a5bb5f78cd7819cbfad7
Shawn Mendes,https://i.scdn.co/image/ab6761610000e5eb58b4b9419486550f6fda0535
Bryson Tiller,https://i.scdn.co/image/ab6761610000e5eb078fdd734b7f0aa782328428
The Neighbourhood,https://i.scdn.co/image/ab6761610000e5ebdf0b5ac84376a0a4b2166816
Lil Peep,https://i.scdn.co/image/ab6761610000e5eb3d9d59e200e82fa53d8781a1
Maluma,https://i.scdn.co/image/ab6761610000e5ebc865fa1b398bc1cd02649f51
Robin Schulz,https://i.scdn.co/image/ab6761610000e5eb869ddcc058c5ff2a459ad8d5
OMI,https://i.scdn.co/image/ab6761610000e5ebb4318429cc3c4a3b72f5f87a
PARTYNEXTDOOR,https://i.scdn.co/image/ab6761610000e5eb957320981e31e862bc2fb844
Kendrick Lamar,https://i.scdn.co/image/ab6761610000e5eb39ba6dcd4355c03de0b50918
Travis Scott,https://i.scdn.co/image/ab6761610000e5eb19c2790744c792d05570bb71
Adele,https://i.scdn.co/image/ab6761610000e5eb68f6e5892075d7f22615bd17
Madcon,https://i.scdn.co/image/ab6761610000e5ebf8805c34d9906f9c681d8c16
Olly Alexander (Years & Years),https://i.scdn.co/image/ab6761610000e5eb97c652b3442755c921c1277f
Beach House,https://i.scdn.co/image/ab6761610000e5ebb3e38a46a56a423d8f741c09
Skales,https://i.scdn.co/image/ab6761610000e5eb895b570634504dbec26bc659
Cali Y El Dandee,https://i.scdn.co/image/ab6761610000e5ebda2fa8103c14bed61c439b72
Matheus & Kauan,https://i.scdn.co/image/ab6761610000e5ebd73644778d6848a6a8fd381b
Luan Santana,https://i.scdn.co/image/ab6761610000e5ebfde13b4ff04ee1c0f33c6878
Ari,https://i.scdn.co/image/ab6761610000e5eb6725802588d7dc1aba076ca5
Boy Teddy,https://i.scdn.co/image/ab6761610000e5eb729de9682a53ea031f2b9fa1
C4 Pedro,https://i.scdn.co/image/ab6761610000e5eb995f9bfecb94d91e46840106
Bispo,https://i.scdn.co/image/ab6761610000e5eb0071678960c0fcf6aa57b626
Mariza,https://i.scdn.co/image/ab6761610000e5ebe85bb391e417329646dd244e
GROGNation,https://i.scdn.co/image/ab6761610000e5eb1585d91ee7efcfaab9460172
Deejay Telio,https://i.scdn.co/image/ab6761610000e5eb393c910d42f1f286c30dd24b
Calema,https://i.scdn.co/image/ab6761610000e5eb00a07f6c31b92c8e103774b6
Don G,https://i.scdn.co/image/ab6761610000e5eb2a6dea6d389a0b0df1a53b19
Ana Moura,https://i.scdn.co/image/ab6761610000e5eb118d3f5f4b7ae89e63157f67
Drake,https://i.scdn.co/image/ab6761610000e5eb4293385d324db8558179afd9
Frank Ocean,https://i.scdn.co/image/ab6761610000e5ebee3123e593174208f9754fab
DJ Snake,https://i.scdn.co/image/ab6761610000e5ebf4cebaecf21134c83c4d3655
Bruno Mars,https://i.scdn.co/image/ab6761610000e5ebc36dd9eb55fb0db4911f25dd
The Chainsmokers,https://i.scdn.co/image/ab6761610000e5eb44434ab91c37f5407f8e83b6
James Arthur,https://i.scdn.co/image/ab6761610000e5eb5a55e66595e80fb12dc5f5fa
Lukas Graham,https://i.scdn.co/image/ab6761610000e5eb955b1ec67667a5d67ebba167
Rihanna,https://i.scdn.co/image/ab6761610000e5eb373e1be0410d4212bf72acab
Seafret,https://i.scdn.co/image/ab6761610000e5ebe745b18f50fc3192dadd3278
KALEO,https://i.scdn.co/image/ab6761610000e5ebd12dda5c73df781c0bbfe311
Mike Posner,https://i.scdn.co/image/ab6761610000e5eb85e71ac37632766429b0c2cb
Lost Frequencies,https://i.scdn.co/image/ab6761610000e5eb976d55989fb4a20e346d0936
Kungs,https://i.scdn.co/image/ab6761610000e5eb01acc309b4854bdb74ad0a73
ZAYN,https://i.scdn.co/image/ab6761610000e5eb7a1fba1bb3618ef71355f82a
Post Malone,https://i.scdn.co/image/ab6761610000e5ebe17c0aa1714a03d62b5ce4e0
Kygo,https://i.scdn.co/image/ab6761610000e5ebe5ea1aa1404629c12ad86658
Phil Collins,https://i.scdn.co/image/ab6761610000e5ebd4e38c4e3e5c82774740e28d
Alok,https://i.scdn.co/image/ab6761610000e5eb6b07a040a57d013a7e49f908
MHD,https://i.scdn.co/image/ab6761610000e5eb45dfc1305248ad28781e04bd
CNCO,https://i.scdn.co/image/ab6761610000e5ebe61627c00d64dcb4de8001d2
J Balvin,https://i.scdn.co/image/ab6761610000e5eb0405b03342c2e56751b9923d
Gente De Zona,https://i.scdn.co/image/ab6761610000e5eb8dcf938a337680db23215942
MC Kevinho,https://i.scdn.co/image/ab6761610000e5eb86190b5139bb76e03b0d35b1
Danny Ocean,https://i.scdn.co/image/ab6761610000e5ebb485cde5cba6de6e5685278a
Ricky Martin,https://i.scdn.co/image/ab6761610000e5eb1c0f358293ec7b223fd91fca
Marília Mendonça,https://i.scdn.co/image/ab6761610000e5ebffaebdbc972967729f688e25
Nelson Freitas,https://i.scdn.co/image/ab6761610000e5eb4640a387e5cb84b299adc67f
Matias Damásio,https://i.scdn.co/image/ab6761610000e5ebd52feae851c87d07fc9ede89
Capitão Fausto,https://i.scdn.co/image/ab6761610000e5ebed40f4d3ca150a21d32f7734
Plutonio,https://i.scdn.co/image/ab6761610000e5eb0953ca7b03a6e3431d31aea6
Força Suprema,https://i.scdn.co/image/ab6761610000e5eb7e304706e789dbae250017da
Tyler,https://i.scdn.co/image/ab6761610000e5ebdf2728294ff77dd11eeb18fb
Imagine Dragons,https://i.scdn.co/image/ab6761610000e5ebab47d8dae2b24f5afe7f9d38
Cigarettes After Sex,https://i.scdn.co/image/ab6761610000e5eb0e871e0389b9722cc12a4118
French Montana,https://i.scdn.co/image/ab6761610000e5ebadb2f8e09c3e3171956aafe4
Harry Styles,https://i.scdn.co/image/ab6761610000e5ebf7db7c8ede90a019c54590bb
Daniel Caesar,https://i.scdn.co/image/ab6761610000e5ebe4d94f7cbebb17504c25d419
Måneskin,https://i.scdn.co/image/ab6761610000e5eb46d0db8a86fda630ec12401f
Portugal. The Man,https://i.scdn.co/image/ab6761610000e5ebe20c61457ea3c2fdef20c326
Billie Eilish,https://i.scdn.co/image/ab6761610000e5eb4a21b4760d2ecb7b0dcdc8da
Shakira,https://i.scdn.co/image/ab6761610000e5eb2528c726e5ddb90a7197e527
Ozuna,https://i.scdn.co/image/ab6761610000e5eb463e10d5f1a533ddd6eb9a04
Future,https://i.scdn.co/image/ab6761610000e5eb7565b356bc9d9394eefa2ccb
Anitta,https://i.scdn.co/image/ab6761610000e5eb29651ca8a99a50f86e36a699
Nicky Jam,https://i.scdn.co/image/ab6761610000e5eb45780f160ed896e42b6d17b0
1Kilo,https://i.scdn.co/image/ab6761610000e5eba68546e105fbd920adfbcc69
Matuê,https://i.scdn.co/image/ab6761610000e5eb654dc6b69f86aeb73527fc07
Mc IG,https://i.scdn.co/image/ab6761610000e5ebd9fee554b5ae9ad3427c0320
Mc Livinho,https://i.scdn.co/image/ab6761610000e5eb0c76b75c8206efcf0d9743da
MC G15,https://i.scdn.co/image/ab6761610000e5eb1e5e8ecf7f0a1e2d34f53486
Mc Don Juan,https://i.scdn.co/image/ab6761610000e5ebab559c0d48ef955cecd4555d
Master Jake,https://i.scdn.co/image/ab67616d0000b273fd6a8145d1af2348cc61b3b8
Richie Campbell,https://i.scdn.co/image/ab6761610000e5eb134a9d1cb98402a85633df42
Wet Bed Gang,https://i.scdn.co/image/ab6761610000e5ebb7ff724fa13fd8a6ffa8bc4e
Virgul,https://i.scdn.co/image/ab6761610000e5eb093dadb04b353c7fb792eabc
Xutos & Pontapés,https://i.scdn.co/image/ab6761610000e5eb690e266a081ffab5ad917d2d
Yasmine,https://i.scdn.co/image/ab6761610000e5ebaa746d111a2db66d664640b7
Piruka,https://i.scdn.co/image/ab6761610000e5eb8f67272d8f1c37f2f7a17389
Os Quatro e Meia,https://i.scdn.co/image/ab6761610000e5eb359a1b370b13e8abc3bb1df2
Lhast,https://i.scdn.co/image/ab6761610000e5ebc3c73eda936a922f69014f98
Lady Gaga,https://i.scdn.co/image/ab6761610000e5ebaadc18cac8d48124357c38e6
Sean Paul,https://i.scdn.co/image/ab6761610000e5eb60c3e9abe7327c0097738f22
Juice WRLD,https://i.scdn.co/image/ab6761610000e5eb23a60030944f7853c21565ef
Marshmello,https://i.scdn.co/image/ab6761610000e5eb53ca421f91678c26b4f15512
Anuel AA,https://i.scdn.co/image/ab6761610000e5eba23ceb177745632b517cb7b2
Calum Scott,https://i.scdn.co/image/ab6761610000e5ebbcf0a0b7d6dabc8f6376f045
6ix9ine,https://i.scdn.co/image/ab6761610000e5ebe496acc0275b2bfd673c21a9
Bad Bunny,https://i.scdn.co/image/ab6761610000e5eb81f47f44084e0a09b5f0fa13
MC L da Vinte,https://i.scdn.co/image/ab6761610000e5eba6139871abb2a96e06807856
Parcels,https://i.scdn.co/image/ab6761610000e5eb3f64ee564d3617f6a764f933
Xamã,https://i.scdn.co/image/ab6761610000e5eb367afe9e5b30fbb6a67a8807
Pixote,https://i.scdn.co/image/ab6761610000e5eba0b5dc1d9515ab7f88de2dd1
Mc Kevin,https://i.scdn.co/image/ab6761610000e5eb86190b5139bb76e03b0d35b1
Papillon,https://i.scdn.co/image/ab6761610000e5eb4cd54d077734a16334832a8d
DJ Dadda,https://i.scdn.co/image/ab6761610000e5ebd840830ba1d339cf9775fd31
Fernando Daniel,https://i.scdn.co/image/ab6761610000e5ebe1f42fc44dd278612a16f0b9
Rapaz 100 Juiz,https://i.scdn.co/image/ab6761610000e5eb769d24447a8d8ab924bedb99
Sam The Kid,https://i.scdn.co/image/ab6761610000e5ebeba156a6addf0c509cd2be36
Diogo Piçarra,https://i.scdn.co/image/ab6761610000e5ebdf4cd2f29932e75b3df885cf
T-Rex,https://i.scdn.co/image/ab6761610000e5eb96bd5be8cd1eee87a1c7ac9a
Bárbara Bandeira,https://i.scdn.co/image/ab6761610000e5ebe4d6f4b0c24cb67ac20d344a
Valas,https://i.scdn.co/image/ab6761610000e5eb7b7c2ea1c01d26ca06984b8c
Lewis Capaldi,https://i.scdn.co/image/ab6761610000e5ebea7538654040e553a7b0fc28
Chris Brown,https://i.scdn.co/image/ab6761610000e5eba48397e590a1c70e2cda7728
Lil Tecca,https://i.scdn.co/image/ab6761610000e5eb5433d9d8519ad0635d8bd869
Dj Guuga,https://i.scdn.co/image/ab6761610000e5eb65b4040713172d81fb036f4b
Rauw Alejandro,https://i.scdn.co/image/ab6761610000e5eb5b50fae60980240b4ebd7808
Luis Fonsi,https://i.scdn.co/image/ab6761610000e5eb3981f9c0501750fffdb65001
Diego & Victor Hugo,https://i.scdn.co/image/ab6761610000e5eb713d2a5853dcb4e8dc06b6c9
Beéle,https://i.scdn.co/image/ab6761610000e5eb8e10d05db45e77a86256fc5d
Daddy Yankee,https://i.scdn.co/image/ab6761610000e5eb99a6ccc4aae5ae5404c9eb30
MC Kevin o Chris,https://i.scdn.co/image/ab6761610000e5eb43d35ed6d2c99a4cf13f6f6e
Gilsons,https://i.scdn.co/image/ab6761610000e5eb919bcf8dda8256a250d10d26
MC Du Black,https://i.scdn.co/image/ab6761610000e5eba235c19017317ee360cecd16
ANAVITÓRIA,https://i.scdn.co/image/ab6761610000e5ebb19a04810bc403323d359b5f
Pk,https://i.scdn.co/image/ab6761610000e5eba3a88318e12af7cd2ba31c8b
Mc Leozin,https://i.scdn.co/image/ab6761610000e5eb75334a22f10d47929ac30ad9
MC JottaPê,https://i.scdn.co/image/ab6761610000e5ebc2337effea65a4b0ed9bd8f1
NAPA,https://i.scdn.co/image/ab6761610000e5ebf6f6b95b59a789766168a078
Slow J,https://i.scdn.co/image/ab6761610000e5eb9bb4a919c5e5e9e9d6185186
Phoenix Rdc,https://i.scdn.co/image/ab6761610000e5ebf127cf690f0d35be62a82ad8
Nininho Vaz Maia,https://i.scdn.co/image/ab6761610000e5eb13ddef6b7f709eb4f9e4ece9
Dream Supplier,https://i.scdn.co/image/ab6761610000e5ebb6f0bf7ad35d39d2491c8d52
Charli xcx,https://i.scdn.co/image/ab6761610000e5eb936885667ef44c306483c838
Glass Animals,https://i.scdn.co/image/ab6761610000e5ebeb2cc96b0ed023c5e3675b6f
Hotel Ugly,https://i.scdn.co/image/ab6761610000e5eb939033cc36c08ab68b33f760
Ozzy Osbourne,https://i.scdn.co/image/ab6761610000e5ebb5b52f7e13f720c7a4856306
Miley Cyrus,https://i.scdn.co/image/ab6761610000e5ebb4ba86c361191d48cbeb4b32
Dua Lipa,https://i.scdn.co/image/ab6761610000e5eb0c68f6c95232e716f0abee8d
Gracie Abrams,https://i.scdn.co/image/ab6761610000e5ebf6d51e6f5342d2d363220920
Don Miguelo,https://i.scdn.co/image/ab6761610000e5eb9961c1952af837f2171ce299
Don Toliver,https://i.scdn.co/image/ab6761610000e5eb62d52993e245cb161f89b01c
Boza,https://i.scdn.co/image/ab6761610000e5eb67e69bfa7e97cd5c2d35f032
Jay Wheeler,https://i.scdn.co/image/ab6761610000e5eb135da678561711d884cef203
Orochi,https://i.scdn.co/image/ab6761610000e5eb90b1775a323db4e9ec05b0dc
L7NNON,https://i.scdn.co/image/ab6761610000e5ebe2801585fbf65ad4d9b98c26
FRANKIEONTHEGUITAR,https://i.scdn.co/image/ab6761610000e5ebb6508c4756d8eb25bf33f72a
Soraia Ramos,https://i.scdn.co/image/ab6761610000e5ebe7b90c4f7580b812830015e8
Domingues,https://i.scdn.co/image/ab6761610000e5eb23e71e0f991b9d7fe7f6f538
Gama WNTD,https://i.scdn.co/image/ab6761610000e5eb492420b4d807a1b612487c1e
Van Zee,https://i.scdn.co/image/ab6761610000e5eb6abc3d3a850cf36597e53922
Gson,https://i.scdn.co/image/ab6761610000e5eb491b086a54db954e33fab0ac
Yuri NR5,https://i.scdn.co/image/ab6761610000e5eb068b236e9249d89458d90b46
X.L.T,https://i.scdn.co/image/ab6761610000e5eb5c6762aca86e159a8487da8a
Olivia Rodrigo,https://i.scdn.co/image/ab6761610000e5ebe03a98785f3658f0b6461ec4
Metallica,https://i.scdn.co/image/ab6761610000e5eb69ca98dd3083f1082d740e44
Tate McRae,https://i.scdn.co/image/ab6761610000e5eb0ac65fc565cc8b59d561ee34
Tory Lanez,https://i.scdn.co/image/ab6761610000e5ebbd5d3e1b363c3e26710661c3
Elton John,https://i.scdn.co/image/ab6761610000e5eb0a7388b95df960b5c0da8970
Farruko,https://i.scdn.co/image/ab6761610000e5eb7d36b670eff30cc4de53f67c
Grupo Menos É Mais,https://i.scdn.co/image/ab6761610000e5eba07c8e41774e3bd6b20f13e3
MeditarSons,https://i.scdn.co/image/ab6761610000e5eb176959abf5757c73d2ab163d
Morad,https://i.scdn.co/image/ab6761610000e5eb78be1444357da95706de5d12
Francis Mercier,https://i.scdn.co/image/ab6761610000e5eb740e23d097c1684c9d9a8c26
MC Cabelinho,https://i.scdn.co/image/ab6761610000e5eb5c2f591f657e5256c5baa816
Teto,https://i.scdn.co/image/ab6761610000e5eb62f0237b5577c7c670457267
Mc Poze do Rodo,https://i.scdn.co/image/ab6761610000e5eb6bb2891aba26ae4298634e4b
Julinho Ksd,https://i.scdn.co/image/ab6761610000e5ebc67b292ac7cc6b8bd23f51ba
Maninho,https://i.scdn.co/image/ab6761610000e5ebfeafb7b078dfa8e8591173cb
Bárbara Tinoco,https://i.scdn.co/image/ab6761610000e5eba7bc530afc400b73234d8bcb
Djo,https://i.scdn.co/image/ab6761610000e5eb5e3fb71d4358290eda3a43f9
David Guetta,https://i.scdn.co/image/ab6761610000e5ebf150017ca69c8793503c2d4f
SZA,https://i.scdn.co/image/ab6761610000e5ebfd0a9fb6c252a3ba44079acf
Noah Kahan,https://i.scdn.co/image/ab6761610000e5eb8c52b10e110f62fe45761590
OneRepublic,https://i.scdn.co/image/ab6761610000e5eb587687df50a967731901fcc2
Misa Bee,https://i.scdn.co/image/ab67616d0000b27329b92fe30b2d4231988e58d3
Rosa Linn,https://i.scdn.co/image/ab6761610000e5eb3fe3d058cefbaa21f481f3e6
Bizarrap,https://i.scdn.co/image/ab6761610000e5eb14add0d3419426b84158b913
Rema,https://i.scdn.co/image/ab6761610000e5ebdc3fcc7b3eb99a22b3180eea
LF SYSTEM,https://i.scdn.co/image/ab6761610000e5eb0a8280f14e88b336697b970c
Benson Boone,https://i.scdn.co/image/ab6761610000e5ebb68234e1a673acc3d873d3e6
iñigo quintero,https://i.scdn.co/image/ab6761610000e5eb99fbffe98cc103595078bece
Manuel Turizo,https://i.scdn.co/image/ab6761610000e5ebfb87d42d66722931e826d630
Beny Jr,https://i.scdn.co/image/ab6761610000e5eb807f22297ee3cb75dff9370e
Bob Sinclar,https://i.scdn.co/image/ab6761610000e5eb41ee41ab4f9aa860d5afaaa2
WIU,https://i.scdn.co/image/ab6761610000e5eba99239905a1149b25c8a69ad
KayBlack,https://i.scdn.co/image/ab6761610000e5ebc755bb0b08112de569154a0d
Veigh,https://i.scdn.co/image/ab6761610000e5ebe32110a6a91105938bb4e026
PEDRO SAMPAIO,https://i.scdn.co/image/ab6761610000e5eb170bd6c7063ca25bebc4de93
Pedro Abrunhosa,https://i.scdn.co/image/ab6761610000e5eb21a2c4fcab686f1b23d7e2e6
Irina Barros,https://i.scdn.co/image/ab6761610000e5eb9c1e68ac884c1fe630c2481c
D.A.M.A,https://i.scdn.co/image/ab6761610000e5eb42366ed8b0a5db5aea0f8dc6
Anjos,https://i.scdn.co/image/ab6761610000e5eb70e5bc854155cba154c925c1
Sara Correia,https://i.scdn.co/image/ab6761610000e5eb0eadff176abea45989cdf104
Nena,https://i.scdn.co/image/ab6761610000e5eba1a9944af32557a8c9df7b9f
Kappa Jotta,https://i.scdn.co/image/ab6761610000e5eb9857fc97def647cf90f4eb7f
Mizzy Miles,https://i.scdn.co/image/ab6761610000e5eb632b63ae9ebf4c39b6c4ce12
Luís Trigacheiro,https://i.scdn.co/image/ab6761610000e5eb8ab37cf926b84c40d04bddc7
Teddy Swims,https://i.scdn.co/image/ab6761610000e5ebf9cf783eb03eb66aa43943ba
The Kid LAROI,https://i.scdn.co/image/ab6761610000e5ebb3fd5c8505c463f91d730ac3
Feid,https://i.scdn.co/image/ab6761610000e5eb961f8d198c115a5442c03e0b
CYRIL,https://i.scdn.co/image/ab6761610000e5ebccfb15021da6cf8b436946f5
Disclosure,https://i.scdn.co/image/ab6761610000e5eb3faf416d3be99d63fec18baa
Tyla,https://i.scdn.co/image/ab6761610000e5eb700efb65ff828ce6442b91d2
KAROL G,https://i.scdn.co/image/ab6761610000e5eb4b0754aefc9db490e02205ec
Dimitri Vegas & Like Mike,https://i.scdn.co/image/ab6761610000e5ebc67ffae065558fd7f08a845c
Myke Towers,https://i.scdn.co/image/ab6761610000e5eb8372345609bebaf1e948ef7f
Quevedo,https://i.scdn.co/image/ab6761610000e5eb9fabcfc29eafa94841a28a9b
Loreen,https://i.scdn.co/image/ab6761610000e5eb41763765387d46c3e127de37
Wakyin,https://i.scdn.co/image/ab6761610000e5eb34aed112f4e24f1ff76b7457
Dj Tchouzen,https://i.scdn.co/image/ab6761610000e5eb3107050c4e4c50b78a058255
GIMS,https://i.scdn.co/image/ab6761610000e5eb77144f838397a467e807df65
DELLAFUENTE,https://i.scdn.co/image/ab6761610000e5eb8bbfd0d545ef15b909ffe49e
Borges,https://i.scdn.co/image/ab6761610000e5ebed075c6275021ad48aba48a2
DENNIS,https://i.scdn.co/image/ab6761610000e5eb84e9632f86c291cd29960256
Mc Paiva ZS,https://i.scdn.co/image/ab6761610000e5eb633eb45aed49a3318ef2efcb
Nuno Ribeiro,https://i.scdn.co/image/ab6761610000e5eb542ad0f22437b895856e22f5
LON3R JOHNY,https://i.scdn.co/image/ab6761610000e5eb47dbcb1dff083c6b764811e8
Buba Espinho,https://i.scdn.co/image/ab6761610000e5ebbb06ec8b4a85ca133459c638
sombr,https://i.scdn.co/image/ab6761610000e5eb2550006e2746e5af5b2e0545
Alex Warren,https://i.scdn.co/image/ab6761610000e5ebe5547931c7f652c2ece8b76c
ROSÉ,https://i.scdn.co/image/ab6761610000e5ebcfb4350222919670128ff2dc
Chappell Roan,https://i.scdn.co/image/ab6761610000e5ebcde5a0d57c1b79de5fce6bee
HUGEL,https://i.scdn.co/image/ab6761610000e5eb343b799b41a8c308fb4a72c2
Gigi Perez,https://i.scdn.co/image/ab6761610000e5ebd58f13475be93b37bb63893f
ATLXS,https://i.scdn.co/image/ab6761610000e5eb0dbdfe724b5e256b8ed0327a
Myles Smith,https://i.scdn.co/image/ab6761610000e5eb955e2a4be7f5c90a68372bf5
Alleh,https://i.scdn.co/image/ab6761610000e5eb43ce88c0c0a38f7279ff6c43
Lola Young,https://i.scdn.co/image/ab6761610000e5eb72440981cd31315dbf45d359
Adam Port,https://i.scdn.co/image/ab6761610000e5eb722acdd4bb9e3aac45436d08
MoBlack,https://i.scdn.co/image/ab6761610000e5ebd4aba6e62023b056c348e045
Nilo,https://i.scdn.co/image/ab6761610000e5eb10538a130690ef8a7cf15149
DJ TOPO,https://i.scdn.co/image/ab6761610000e5eb78a0179d59f8e3e5c8bd99e7
Oruam,https://i.scdn.co/image/ab6761610000e5ebaf6868caa7ef16a13dbc7a9b
DJ NATAN 22,https://i.scdn.co/image/ab6761610000e5ebd5d492fbf09ef4a1abe15eeb
Boladin 211,https://i.scdn.co/image/ab6761610000e5ebfe20b58d1312fba0b51170ac
MC Tuto,https://i.scdn.co/image/ab6761610000e5eb23079308d04f2ceb86177503
J. Eskine,https://i.scdn.co/image/ab6761610000e5eba0352c05797cfb3cf90db141
DJ Malvado,https://i.scdn.co/image/ab6761610000e5eb55aa62db4096a48c477ccec5
Bluay,https://i.scdn.co/image/ab6761610000e5eb47b9f2bb0879699307c4853a
Ivandro,https://i.scdn.co/image/ab6761610000e5eb7ea40ca99cb7044f6970cfd6
